;Unnamed: 0;Unnamed: 0.1;Tick;numtick;obname;bestask;bestbid;price;quty;volatility;cum_quty;cum_diff;vola_diff
0;0;0;Tick;1;lvmh;0.014;0.012;0.014;50000;0.0;50000;10.665987915274119;0.0
1;1;1;Tick;2;lvmh;0.014;0.012;0.014;239480;0.0;289480;5.090812722130859;0.0
2;2;2;Tick;3;lvmh;0.014;0.012;0.014;39480;0.0;328960;7.597151763139733;0.0
3;3;3;Tick;4;lvmh;0.014;0.012;0.013;20000;0.0;348960;7.130686789487095;0.0
4;4;4;Tick;5;lvmh;0.012;0.011;0.012;272586;0.008000000000000007;621546;6.1142192773840645;-0.0
5;5;5;Tick;6;lvmh;0.012;0.011;0.011;150100;0.014310835055998656;771646;4.867001072254166;-0.0
6;6;6;Tick;7;lvmh;0.012;0.011;0.012;221767;0.020238577025077642;993413;5.030486354356425;-1.7142741545784665e-14
7;7;7;Tick;8;lvmh;0.012;0.011;0.011;979153;0.019439772681406592;1972566;4.0474556566955;-0.0
8;8;8;Tick;9;lvmh;0.012;0.011;0.012;1027283;0.020839522890069115;2999849;3.59191983791883;-0.0
9;9;9;Tick;10;lvmh;0.012;0.011;0.011;500068;0.01977652929892177;3499917;3.0650506076123296;-0.0
10;10;10;Tick;11;lvmh;0.012;0.011;0.011;1105488;0.02023857702507763;4605405;4.648483593901427;-0.0
11;11;11;Tick;12;lvmh;0.012;0.011;0.01;694947;0.020353244101482832;5300352;5.273640655012788;-0.0
12;12;12;Tick;13;lvmh;0.012;0.011;0.011;214476;0.022063269902439186;5514828;5.348690206545271;-0.0
13;13;13;Tick;14;lvmh;0.012;0.011;0.011;100000;0.02166410241236256;5614828;5.248430456960883;1.601472743211269e-14
14;14;14;Tick;15;lvmh;0.012;0.011;0.011;107556;0.0212489172316258;5722384;5.290889342874013;-1.6327641141120675e-14
15;15;15;Tick;16;lvmh;0.012;0.011;0.012;214228;0.02083220949349714;5936612;5.355597938749915;-0.0
16;16;16;Tick;17;lvmh;0.012;0.011;0.011;10500;0.02013289182738866;5947112;5.345636829572321;-0.0
17;17;17;Tick;18;lvmh;0.012;0.011;0.011;105219;0.019787102156826955;6052331;5.32693331439919;-0.0
18;18;18;Tick;19;lvmh;0.012;0.011;0.011;207367;0.01944591964525395;6259698;5.271656862420292;-0.0
19;19;19;Tick;20;lvmh;0.012;0.011;0.011;100000;0.019112471051844715;6359698;5.184467750415838;-0.0
20;20;20;Tick;21;lvmh;0.012;0.011;0.011;100;0.0187885743555968;6359798;5.1843820047622255;-0.0
21;21;21;Tick;22;lvmh;0.013;0.012;0.014;524206;0.018475208614068032;6884004;4.925345903638533;-0.0
22;22;22;Tick;23;lvmh;0.014;0.012;0.014;235656;0.01970870113510529;7119660;5.083013641371151;-0.0
23;23;23;Tick;24;lvmh;0.015;0.012;0.015;181553;0.020639575937059854;7301213;4.973599212685031;6.444675444960647
24;24;24;Tick;25;lvmh;0.015;0.012;0.015;300;0.022627416997969524;7301513;4.973384697333151;10.815413383737978
25;25;25;Tick;26;lvmh;0.015;0.012;0.015;100;0.024141803301880056;7301613;4.973313196327896;13.222585107694087
26;26;26;Tick;27;lvmh;0.016;0.012;0.016;179411;0.025321562717603715;7481024;4.981268741082023;14.748271906915921
27;27;27;Tick;28;lvmh;0.016;0.012;0.016;100;0.027408485387286026;7481124;4.981198839879452;12.097032285973226
28;28;28;Tick;29;lvmh;0.016;0.012;0.016;200;0.0290491282459879;7481324;4.981059043359608;10.225235122575267
29;29;29;Tick;30;lvmh;0.016;0.012;0.016;100;0.030362019312765887;7481424;4.980989148042169;8.832348675116632
30;30;30;Tick;31;lvmh;0.016;0.012;0.013;200000;0.03142471389970259;7681424;5.057125163300721;7.755066323148928
31;31;31;Tick;32;lvmh;0.016;0.012;0.016;500;0.030906031704166174;7681924;5.056779361075599;7.7327345011784585
32;32;32;Tick;33;lvmh;0.016;0.015;0.015;200000;0.03176932990449508;7881924;4.922150261895241;6.887605667798842
33;33;33;Tick;34;lvmh;0.016;0.015;0.016;100;0.03184051164504398;7882024;4.922084740365887;6.503268527789612
34;34;34;Tick;35;lvmh;0.016;0.015;0.014;401972;0.032481230011043354;8283996;4.698174883952305;5.881789499094683
35;35;35;Tick;36;lvmh;0.016;0.015;0.015;50000;0.03211408235827837;8333996;4.668672126420325;5.778039832649546
36;36;36;Tick;37;lvmh;0.016;0.015;0.015;40200;0.0320855997962593;8374196;4.6452192724640815;4.70758077742842
37;37;37;Tick;38;lvmh;0.016;0.015;0.015;500;0.032036015768292826;8374696;4.644929053785573;4.507317248825863
38;38;38;Tick;39;lvmh;0.016;0.015;0.015;60000;0.03196869023043933;8434696;4.610364129121748;4.325445638610429
39;39;39;Tick;40;lvmh;0.016;0.015;0.015;59088;0.03188643817159978;8493784;4.6140218377162965;3.4487634809331467
40;40;40;Tick;41;lvmh;0.016;0.015;0.015;45814;0.031791629280483444;8539598;4.611373727147954;3.332731678819485
41;41;41;Tick;42;lvmh;0.016;0.015;0.015;33300;0.031686266933722604;8572898;4.781736544804045;2.5570503718153916
42;42;42;Tick;43;lvmh;0.015;0.014;0.015;420089;0.0315720513284631;8992987;4.976436590545314;1.7359782405063717
43;43;43;Tick;44;lvmh;0.016;0.015;0.015;26135;0.031450430332609317;9019122;4.975166649751062;1.7310073966397856
44;44;44;Tick;45;lvmh;0.016;0.015;0.014;208722;0.03132264073174783;9227844;4.9611950946304635;1.7264101857403755
45;45;45;Tick;46;lvmh;0.016;0.015;0.015;453120;0.030994297292348226;9680964;5.094536583586563;1.7305973998377724
46;46;46;Tick;47;lvmh;0.016;0.015;0.015;44100;0.03086689516927973;9725064;5.070263182800959;1.726066134133348
47;47;47;Tick;48;lvmh;0.016;0.015;0.016;100000;0.030735420120013776;9825064;5.085866091209874;1.7218455522973197
48;48;48;Tick;49;lvmh;0.016;0.015;0.015;100000;0.030945387722188845;9925064;5.032044885062349;1.692052263403453
49;49;49;Tick;50;lvmh;0.016;0.015;0.015;103334;0.0307971197522433;10028398;5.014263487378159;1.6890650587886562
50;50;50;Tick;51;lvmh;0.016;0.015;0.016;6575;0.03064732901102809;10034973;5.037523146784027;1.6862603811173946
51;51;51;Tick;52;lvmh;0.016;0.015;0.016;450000;0.030804328700146467;10484973;4.881026498307095;1.6610223134641393
52;52;52;Tick;53;lvmh;0.016;0.015;0.016;47614;0.0309370986422158;10532587;4.8923603638522355;3.005600861309782
53;53;53;Tick;54;lvmh;0.017;0.016;0.017;70505;0.031048255900851505;10603092;4.874894525138847;5.8108181198870845
54;54;54;Tick;55;lvmh;0.017;0.016;0.016;100000;0.031555260281489764;10703092;4.82714932250785;5.494327112289559
55;55;55;Tick;56;lvmh;0.017;0.016;0.016;150000;0.031615194744308316;10853092;4.757259709220713;5.350167179731197
56;56;56;Tick;57;lvmh;0.017;0.016;0.017;1000;0.031660537114673364;10854092;4.75680056873562;5.216512957312087
57;57;57;Tick;58;lvmh;0.017;0.016;0.016;200000;0.03206009394964635;11054092;4.666720132666378;4.971374395242357
58;58;58;Tick;59;lvmh;0.017;0.016;0.015;304671;0.032068891360685504;11358763;4.580825982032052;4.295714072839981
59;59;59;Tick;60;lvmh;0.017;0.016;0.016;55000;0.03186177041209578;11413763;4.55774608612553;4.271397043020328
60;60;60;Tick;61;lvmh;0.017;0.016;0.016;1000;0.031859578910613084;11414763;4.557328604172359;3.638569587019009
61;61;61;Tick;62;lvmh;0.017;0.016;0.015;787298;0.0318488232276109;12202061;4.5840533343435705;3.0349016890281924
62;62;62;Tick;63;lvmh;0.017;0.016;0.016;95000;0.03164370659558312;12297061;4.678671611518325;2.860324254493865
63;63;63;Tick;64;lvmh;0.017;0.016;0.016;100;0.03162504338614619;12297161;4.678631784688144;2.333770746782241
64;64;64;Tick;65;lvmh;0.017;0.016;0.016;100000;0.03159967851956223;12397161;4.805210417588854;1.6284449886892294
65;65;65;Tick;66;lvmh;0.017;0.016;0.016;202100;0.03156824110009687;12599261;4.88815810669433;1.153021127140466
66;66;66;Tick;67;lvmh;0.017;0.016;0.016;54000;0.031531299431245205;12653261;5.101211716470972;0.6978659556725272
67;67;67;Tick;68;lvmh;0.017;0.016;0.015;190661;0.031489367736048664;12843922;5.199649572629971;0.830272670750677
68;68;68;Tick;69;lvmh;0.017;0.016;0.016;26500;0.03128974732994669;12870422;5.188388105781886;1.4376309702326835
69;69;69;Tick;70;lvmh;0.017;0.016;0.016;100000;0.03124427313253685;12970422;5.146327796833748;0.8497643433499258
70;70;70;Tick;71;lvmh;0.017;0.016;0.016;110000;0.03119483951589368;13080422;5.100842129486488;0.28202681173044103
71;71;71;Tick;72;lvmh;0.017;0.016;0.015;274023;0.03114181232441513;13354445;5.1896201453228805;-0.2666244800429859
72;72;72;Tick;73;lvmh;0.017;0.016;0.016;202800;0.030949097488743724;13557245;5.1080243180700355;-0.18874866058419615
73;73;73;Tick;74;lvmh;0.017;0.016;0.015;311026;0.03089413356261145;13868271;5.075459192301608;-0.7117527543690142
74;74;74;Tick;75;lvmh;0.017;0.016;0.016;340100;0.030706164970528887;14208371;4.968357757219877;-0.5779515804148286
75;75;75;Tick;76;lvmh;0.017;0.016;0.016;100;0.03064970937357618;14208471;4.968321052343457;-0.29591700116503983
76;76;76;Tick;77;lvmh;0.017;0.016;0.016;215007;0.030590722134362175;14423478;5.005234071354745;-0.028808758460096694
77;77;77;Tick;78;lvmh;0.017;0.016;0.016;100000;0.03052943628428066;14523478;4.969058527990936;-0.3112187464794938
78;78;78;Tick;79;lvmh;0.017;0.016;0.016;40200;0.030466065584206163;14563678;4.954662892712185;-0.5836895819783883
79;79;79;Tick;80;lvmh;0.017;0.016;0.016;4600;0.030400806289380997;14568278;4.953020947482634;-0.8467397452855996
80;80;80;Tick;81;lvmh;0.017;0.016;0.016;5200;0.03033383873089422;14573478;4.951166145432786;-1.1008520706765719
81;81;81;Tick;82;lvmh;0.017;0.016;0.016;112097;0.030265328735316725;14685575;4.934733294362164;-1.3464767751912068
82;82;82;Tick;83;lvmh;0.017;0.016;0.016;100000;0.030195428901212094;14785575;4.899722673939999;-1.5840341820403872
83;83;83;Tick;84;lvmh;0.017;0.016;0.015;417715;0.030124279748816495;15203290;4.886725807678959;-1.8139171741411424
84;84;84;Tick;85;lvmh;0.017;0.016;0.016;93800;0.029953492349953;15297090;4.855306081167551;-1.850840530812261
85;85;85;Tick;86;lvmh;0.017;0.016;0.016;199800;0.029882908748883844;15496890;4.78970874853882;-2.219865105984306
86;86;86;Tick;87;lvmh;0.017;0.016;0.016;1000;0.02981133562714263;15497890;4.789384891140447;-2.5790087757873548
87;87;87;Tick;88;lvmh;0.017;0.016;0.016;25000;0.02973887964112878;15522890;4.781302665667919;-2.268515366418027
88;88;88;Tick;89;lvmh;0.017;0.016;0.016;100000;0.029665639328014005;15622890;4.749244714611446;-2.3913405307243942
89;89;89;Tick;90;lvmh;0.017;0.016;0.015;185288;0.02959170576447177;15808178;4.727643288201625;-2.51026732497067
90;90;90;Tick;91;lvmh;0.017;0.016;0.016;20000;0.0294320436515733;15828178;4.721387541457539;-2.5337437751305587
91;91;91;Tick;92;lvmh;0.017;0.016;0.016;100000;0.029359162787117025;15928178;4.690355508778729;-2.851772147645988
92;92;92;Tick;93;lvmh;0.017;0.016;0.016;110000;0.029285748080108236;16038178;4.656688044766829;-2.9570355613434653
93;93;93;Tick;94;lvmh;0.017;0.016;0.016;140000;0.029211869733608824;16178178;4.670824295993257;-3.0591227387520816
94;94;94;Tick;95;lvmh;0.017;0.016;0.016;60000;0.02913759279106975;16238178;4.708888557445492;-3.158175447466349
95;95;95;Tick;96;lvmh;0.016;0.015;0.014;1063864;0.029062977530424;17302042;5.001505349680806;-3.2543271334929873
96;96;96;Tick;97;lvmh;0.016;0.015;0.015;110000;0.028931861875429787;17412042;5.064206855549675;-1.7554257357643712
97;97;97;Tick;98;lvmh;0.016;0.014;0.014;517493;0.028785257777065244;17929535;5.111543358287761;-1.1063477523881988
98;98;98;Tick;99;lvmh;0.016;0.014;0.014;10000;0.028658248062125538;17939535;5.108548481871557;-0.5438011680879791
99;99;99;Tick;100;lvmh;0.016;0.014;0.014;100000;0.028532845521466038;18039535;5.262907598666534;-0.0032412284264101456
100;100;100;Tick;101;lvmh;0.016;0.014;0.014;50000;0.028409018343341717;18089535;5.361905607284592;1.2698129602109218
101;101;101;Tick;102;lvmh;0.016;0.014;0.014;49959;0.02828673551226075;18139494;5.6194675966563;1.7521405898873144
102;102;102;Tick;103;lvmh;0.016;0.014;0.014;249000;0.028165966788123706;18388494;5.619261292723661;2.2169122948284845
103;103;103;Tick;104;lvmh;0.016;0.014;0.014;100000;0.02804668268567004;18488494;5.666911109171727;2.66508430563042
104;104;104;Tick;105;lvmh;0.016;0.014;0.014;10000;0.027928854454268404;18498494;5.663674161077793;3.0975437830047827
105;105;105;Tick;106;lvmh;0.016;0.014;0.014;372264;0.027812454058076242;18870758;5.568158207809985;3.5151150055661575
106;106;106;Tick;107;lvmh;0.016;0.014;0.014;22359;0.027697454156591948;18893117;5.681652787493652;3.5481065176449196
107;107;107;Tick;108;lvmh;0.016;0.014;0.014;39800;0.02758382808561595;18932917;5.831791611576561;4.585528577625828
108;108;108;Tick;109;lvmh;0.016;0.014;0.015;10000;0.02747154983863341;18942917;5.8285335602728345;4.610839817399053
109;109;109;Tick;110;lvmh;0.016;0.014;0.014;200;0.027350259546258568;18943117;5.828468436377975;4.671627103648397
110;110;110;Tick;111;lvmh;0.016;0.014;0.014;32562;0.02724114045173085;18975679;5.818575400021726;4.69411679431902
111;111;111;Tick;112;lvmh;0.016;0.014;0.014;190000;0.027133280410132958;19165679;6.016272547919151;4.644606364694183
112;112;112;Tick;113;lvmh;0.016;0.014;0.014;10000;0.02702665636811469;19175679;6.012946445206322;7.5329883731097915
113;113;113;Tick;114;lvmh;0.016;0.014;0.014;9559;0.026921245822061915;19185238;6.007187292070186;10.123279590906908
114;114;114;Tick;115;lvmh;0.016;0.014;0.014;10000;0.026817026803212185;19195238;6.003869880220149;10.877847531480354
115;115;115;Tick;116;lvmh;0.016;0.014;0.014;100000;0.026713977863139542;19295238;6.243465171432;10.841289390453461
116;116;116;Tick;117;lvmh;0.016;0.014;0.014;100000;0.026612078059608104;19395238;6.48165858781195;13.10262354345632
117;117;117;Tick;118;lvmh;0.016;0.014;0.014;70000;0.026511306942791628;19465238;6.7295137629493285;15.161301339429157
118;118;118;Tick;119;lvmh;0.016;0.014;0.014;10000;0.0264116445418584;19475238;6.725825936826207;17.044955098276365
119;119;119;Tick;120;lvmh;0.016;0.014;0.014;100000;0.026313071351914488;19575238;6.689232731978541;17.028240940889095
120;120;120;Tick;121;lvmh;0.016;0.014;0.014;9559;0.02621556832130412;19584797;6.683250632302956;17.011829127623603
121;121;121;Tick;122;lvmh;0.016;0.014;0.014;100;0.026119116839258;19584897;6.6832142271761406;16.995711527375367
122;122;122;Tick;123;lvmh;0.016;0.014;0.014;111738;0.0260236987238871;19696635;6.652818202822581;18.717227628556483
123;123;123;Tick;124;lvmh;0.016;0.014;0.014;100000;0.02592929621051339;19796635;6.616988707395571;18.8627374207218
124;124;124;Tick;125;lvmh;0.016;0.014;0.014;10000;0.02583589194033133;19806635;6.620939452918508;19.00486958196092
125;125;125;Tick;126;lvmh;0.016;0.014;0.014;26059;0.025743468949393448;19832694;6.749322371134253;18.985188801036244
126;126;126;Tick;127;lvmh;0.016;0.014;0.014;6000;0.025652010657912387;19838694;6.776151720385227;18.965842119520754
127;127;127;Tick;128;lvmh;0.016;0.014;0.014;5000;0.025561500859871758;19843694;6.774328675112142;19.104118975462576
128;128;128;Tick;129;lvmh;0.016;0.013;0.013;197686;0.025471923712939173;20041380;6.785665874674231;19.23930555665961
129;129;129;Tick;130;lvmh;0.016;0.013;0.013;170178;0.02546376053875771;20211558;6.7586653649557595;21.254762036975567
130;130;130;Tick;131;lvmh;0.016;0.013;0.013;130182;0.025454326138032533;20341740;6.7275636821532565;23.073512643007557
131;131;131;Tick;132;lvmh;0.016;0.013;0.013;10000;0.025443680105492337;20351740;6.724035763916201;24.724307835836466
132;132;132;Tick;133;lvmh;0.016;0.013;0.013;100000;0.025431879138611342;20451740;6.695626978331205;24.813633806557487
133;133;133;Tick;134;lvmh;0.016;0.013;0.013;196902;0.02541897720038857;20648642;6.674909847315175;25.718222781235067
134;134;134;Tick;135;lvmh;0.016;0.013;0.013;105272;0.02540502567147292;20753914;6.667699392175593;26.567178741901746
135;135;135;Tick;136;lvmh;0.016;0.013;0.013;101306;0.025390073492437056;20855220;6.667718244299079;26.941344935137298
136;136;136;Tick;137;lvmh;0.016;0.013;0.013;94645;0.025374167296939462;20949865;6.655004626158818;27.299994602131463
137;137;137;Tick;138;lvmh;0.016;0.013;0.013;10000;0.025357351536445884;20959865;6.651618311345963;27.644085586860292
138;138;138;Tick;139;lvmh;0.016;0.013;0.013;3900;0.02533966859712837;20963765;6.6502985824671335;27.68556138196002
139;139;139;Tick;140;lvmh;0.016;0.013;0.013;6100;0.025321158909506692;20969865;6.648235440947266;27.725894701497584
140;140;140;Tick;141;lvmh;0.016;0.013;0.013;305309;0.02530186105135096;21275174;6.601780493221234;27.7651321274927
141;141;141;Tick;142;lvmh;0.016;0.013;0.013;269028;0.025281811844322245;21544202;6.6408132107444064;28.081158904812305
142;142;142;Tick;143;lvmh;0.016;0.012;0.012;321741;0.02526104644478857;21865943;6.675854428693841;28.385348314233525
143;143;143;Tick;144;lvmh;0.016;0.012;0.012;165900;0.025372613705497524;22031843;6.6222562189016205;28.302488606298592
144;144;144;Tick;145;lvmh;0.016;0.012;0.012;86497;0.025479397347655013;22118340;6.606966140975834;27.963510663499875
145;145;145;Tick;146;lvmh;0.016;0.012;0.012;147759;0.02558160258476001;22266099;7.290472266793876;27.63467418524317
146;146;146;Tick;147;lvmh;0.016;0.012;0.012;100000;0.025679423323723943;22366099;7.291701945105614;27.57153380680165
147;147;147;Tick;148;lvmh;0.016;0.012;0.012;150000;0.025773042966113057;22516099;7.239608600963628;27.51085944302824
148;148;148;Tick;149;lvmh;0.016;0.012;0.012;100;0.02586263513844769;22516199;7.23957412034178;27.206424155542408
149;149;149;Tick;150;lvmh;0.016;0.012;0.012;993523;0.02594836435914468;23509722;7.174987551188514;26.763963873288738
150;150;150;Tick;151;lvmh;0.013;0.012;0.013;600000;0.026030386648737563;24109722;6.996621246498827;26.33110443791171
151;151;151;Tick;152;lvmh;0.013;0.012;0.013;51570;0.02599474900277822;24161292;7.000718983352668;26.185613047309534
152;152;152;Tick;153;lvmh;0.013;0.012;0.013;600000;0.025958864958234105;24761292;6.831804947383335;26.04231745342987
153;153;153;Tick;154;lvmh;0.014;0.013;0.014;908413;0.02592275047305096;25669705;6.865858534454665;25.901167528692863
154;154;154;Tick;155;lvmh;0.014;0.013;0.014;100300;0.025839580062407063;25770005;7.022488755373134;25.951675993567587
155;155;155;Tick;156;lvmh;0.014;0.013;0.014;834462;0.025757204791269625;26604467;7.028271638810464;26.001418711220953
156;156;156;Tick;157;lvmh;0.014;0.013;0.014;579400;0.025675612074840586;27183867;7.043816039356279;26.050412997557622
157;157;157;Tick;158;lvmh;0.014;0.013;0.014;100;0.025594789605315967;27183967;7.043788302537993;26.098675649375206
158;158;158;Tick;159;lvmh;0.014;0.013;0.014;288914;0.0255147253440994;27472881;7.068980111810851;26.14622296370407
159;159;159;Tick;160;lvmh;0.014;0.013;0.014;4200;0.025435407514281416;27477081;7.06782321551816;26.193070756288257
160;160;160;Tick;161;lvmh;0.014;0.013;0.014;100;0.025356824593373614;27477181;7.067795674983638;26.239234379250682
161;161;161;Tick;162;lvmh;0.014;0.013;0.014;807861;0.025278965306288204;28285042;6.886406805167966;26.284728737984143
162;162;162;Tick;163;lvmh;0.014;0.013;0.014;200000;0.025201818618551808;28485042;7.001441258643119;26.32956830731058
163;163;163;Tick;164;lvmh;0.014;0.013;0.014;9200;0.02512537372974692;28494242;6.9990224696789864;26.373767146939134
164;164;164;Tick;165;lvmh;0.014;0.013;0.014;100000;0.02504962006716874;28594242;7.102401524606301;26.417338916265876
165;165;165;Tick;166;lvmh;0.014;0.013;0.014;100;0.02497454727969204;28594342;7.102374921998312;26.460296888540505
166;166;166;Tick;167;lvmh;0.014;0.013;0.014;448436;0.024900145231838096;29042778;7.009170847786388;26.50265396443766
167;167;167;Tick;168;lvmh;0.014;0.013;0.014;70100;0.02482640399803467;29112878;7.250263107405291;26.688299540869693
168;168;168;Tick;169;lvmh;0.014;0.013;0.014;90000;0.024753313857061414;29202878;7.226303926945254;26.870320324937698
169;169;169;Tick;170;lvmh;0.014;0.013;0.014;100;0.024680865286674143;29202978;7.226277393703699;26.909353496102284
170;170;170;Tick;171;lvmh;0.014;0.013;0.014;252653;0.02460904895840077;29455631;7.170200460558209;27.08656123317264
171;171;171;Tick;172;lvmh;0.014;0.013;0.014;28900;0.024537855732502112;29484531;7.162669013318695;27.123792618412953
172;172;172;Tick;173;lvmh;0.014;0.013;0.014;100;0.024467276653092968;29484631;7.162642980415577;27.160527401241186
173;173;173;Tick;174;lvmh;0.014;0.013;0.014;704758;0.02439730294341481;30189389;7.032147307578256;27.331929566577365
174;174;174;Tick;175;lvmh;0.014;0.013;0.014;100000;0.024327926001258098;30289389;7.040271489854646;27.366990007892007
175;175;175;Tick;176;lvmh;0.014;0.013;0.014;8000;0.02425913739452489;30297389;7.038281672018453;27.401592928475363
176;176;176;Tick;177;lvmh;0.014;0.013;0.014;100000;0.024190928856929816;30397389;7.048932501928367;27.435747237446932
177;177;177;Tick;178;lvmh;0.014;0.013;0.014;100;0.0241232922838322;30397489;7.048907678150171;27.46946161382417
178;178;178;Tick;179;lvmh;0.014;0.013;0.014;87384;0.024056219728196014;30484873;7.193156684416933;27.633199902629087
179;179;179;Tick;180;lvmh;0.014;0.013;0.014;93559;0.02398970339667261;30578432;7.18068926956225;27.793992187632792
180;180;180;Tick;181;lvmh;0.014;0.013;0.014;100;0.023923735645800727;30578532;7.180664100563143;27.825162702424564
181;181;181;Tick;182;lvmh;0.014;0.013;0.014;94053;0.023858308978322317;30672585;7.170001776698831;27.982085649478616
182;182;182;Tick;183;lvmh;0.014;0.013;0.014;100;0.023793416039607083;30672685;7.169976724802542;28.011878557111082
183;183;183;Tick;184;lvmh;0.014;0.013;0.014;99016;0.023729049614183567;30771701;7.17256169082136;28.16509098968884
184;184;184;Tick;185;lvmh;0.014;0.013;0.014;43727;0.02366520262237353;30815428;7.1733129601949965;28.193576163411407
185;185;185;Tick;186;lvmh;0.014;0.013;0.014;122243;0.023601868117024017;30937671;7.160041992995695;28.221714992815052
186;186;186;Tick;187;lvmh;0.014;0.013;0.014;60000;0.02353903928033619;30997671;7.1943387453827325;28.24951376277248
187;187;187;Tick;188;lvmh;0.015;0.014;0.015;276092;0.02347670942078537;31273763;7.209603974512347;28.27697860686193
188;188;188;Tick;189;lvmh;0.015;0.014;0.015;4500;0.02343305791901924;31278263;7.20849195992771;28.368390939749155
189;189;189;Tick;190;lvmh;0.015;0.014;0.015;10100;0.02338958819119501;31288363;7.205997353528267;28.458200158660432
190;190;190;Tick;191;lvmh;0.015;0.014;0.015;459060;0.023346300251854368;31747423;7.156328594366468;28.54644827471981
191;191;191;Tick;192;lvmh;0.016;0.014;0.016;1592374;0.0233031940660223;33339797;7.178133650210491;28.633175837368043
192;192;192;Tick;193;lvmh;0.016;0.015;0.016;801549;0.023334430290843963;34141346;7.043944384366545;28.693983487184287
193;193;193;Tick;194;lvmh;0.017;0.016;0.016;1361388;0.023364351453133952;35502734;7.153803667094243;28.75307358898039
194;194;194;Tick;195;lvmh;0.017;0.016;0.016;436525;0.0233929969428152;35939259;7.098430045895038;28.8105179575133
195;195;195;Tick;196;lvmh;0.017;0.016;0.016;36405;0.02342040473991299;35975664;7.096418577294026;28.86638445588252
196;196;196;Tick;197;lvmh;0.017;0.016;0.017;277500;0.023446611476790988;36253164;7.28732853688866;28.92073726383968
197;197;197;Tick;198;lvmh;0.017;0.016;0.017;120000;0.02359589342825812;36373164;7.510807783140863;28.86836437934417
198;198;198;Tick;199;lvmh;0.017;0.016;0.016;544857;0.023740655536954067;36918021;7.439135900913223;28.818201831883258
199;199;199;Tick;200;lvmh;0.017;0.016;0.017;285967;0.02376105610914548;37203988;7.427959732347096;28.869806680317005
200;200;200;Tick;201;lvmh;0.017;0.016;0.017;52503;0.02389928616919306;37256491;7.423848535523087;28.821070743488804
201;201;201;Tick;202;lvmh;0.017;0.016;0.016;401699;0.024033409581651226;37658190;7.374958403034655;28.774284682339218
202;202;202;Tick;203;lvmh;0.017;0.016;0.016;1015389;0.02404861830874027;38673579;7.36168731746628;28.823373625187433
203;203;203;Tick;204;lvmh;0.017;0.016;0.016;120100;0.02406293265769096;38793679;7.337224314547762;28.87128164676603
204;204;204;Tick;205;lvmh;0.017;0.016;0.016;128626;0.02407637803193169;38922305;7.344132215869504;28.918050885750084
205;205;205;Tick;206;lvmh;0.017;0.016;0.016;200;0.024088979007268568;38922505;7.344091707212516;28.802842626117908
206;206;206;Tick;207;lvmh;0.017;0.016;0.016;35396;0.024100759364421416;38957901;7.338396382104392;28.689550332243826
207;207;207;Tick;208;lvmh;0.017;0.016;0.016;100100;0.02411174212002264;39058001;7.31821278059372;28.578126184090575
208;208;208;Tick;209;lvmh;0.017;0.016;0.015;76916;0.024121949556165395;39134917;7.302720301780801;28.468523954475298
209;209;209;Tick;210;lvmh;0.017;0.016;0.016;52500;0.024073987293102173;39187417;7.292223292598936;28.450151778814938
210;210;210;Tick;211;lvmh;0.017;0.016;0.015;189097;0.02408339729072;39376514;7.288477965673966;28.342859622450185
211;211;211;Tick;212;lvmh;0.017;0.016;0.016;9900;0.024035661461487185;39386414;7.286512476182146;28.32520486116164
212;212;212;Tick;213;lvmh;0.016;0.015;0.014;862248;0.02404431212825986;40248662;7.1590053151834825;28.140012874360185
213;213;213;Tick;214;lvmh;0.016;0.015;0.015;112100;0.023991376488347867;40360762;7.217395582429175;28.13951997381589
214;214;214;Tick;215;lvmh;0.016;0.014;0.014;40302;0.0239442993666564;40401064;7.215372708504258;28.195126513170628
215;215;215;Tick;216;lvmh;0.016;0.014;0.014;200000;0.02389212880291448;40601064;7.204460560367322;28.194738511408858
216;216;216;Tick;217;lvmh;0.016;0.014;0.014;300;0.02384029550828768;40601364;7.204403492095168;28.19166103431421
217;217;217;Tick;218;lvmh;0.016;0.014;0.014;38100;0.023788795892937552;40639464;7.231238138179405;28.18861346271191
218;218;218;Tick;219;lvmh;0.016;0.014;0.014;23800;0.023737626419789583;40663264;7.260773665832275;28.185595362789392
219;219;219;Tick;220;lvmh;0.016;0.014;0.014;200;0.0236867836035513;40663464;7.260735361376821;28.18260630908539
220;220;220;Tick;221;lvmh;0.016;0.014;0.014;12800;0.02363626400975269;40676264;7.29180168396075;28.179645884289037
221;221;221;Tick;222;lvmh;0.016;0.014;0.014;194891;0.02358606425380845;40871155;7.268276756406061;28.1767136790447
222;222;222;Tick;223;lvmh;0.016;0.014;0.014;100;0.023536181000099902;40871255;7.2682576805204775;28.177473897785973
223;223;223;Tick;224;lvmh;0.016;0.014;0.014;194319;0.023486610961078142;41065574;7.251315060600782;28.178226823641264
224;224;224;Tick;225;lvmh;0.016;0.014;0.014;100;0.023437350896386745;41065674;7.251296122327935;28.175688749166902
225;225;225;Tick;226;lvmh;0.016;0.013;0.013;1051255;0.023388397612002853;42116929;7.231851811680824;28.176615072937306
226;226;226;Tick;227;lvmh;0.016;0.013;0.013;99900;0.02338209485657786;42216829;7.248367210222843;28.043961273934812
227;227;227;Tick;228;lvmh;0.016;0.013;0.014;200;0.02337544536361883;42217029;7.248330382653508;27.912775803690185
228;228;228;Tick;229;lvmh;0.014;0.013;0.014;100;0.023327041426975642;42217129;7.248311969009176;27.91460332672832
229;229;229;Tick;230;lvmh;0.014;0.013;0.013;159900;0.023278935397015428;42377029;7.253722443440449;27.916413780786577
230;230;230;Tick;231;lvmh;0.014;0.012;0.012;966777;0.02327219996986208;43343806;7.266060865446765;27.7875469910997
231;231;231;Tick;232;lvmh;0.014;0.012;0.012;150000;0.02335320172626621;43493806;7.354478546014906;27.6118512899661
232;232;232;Tick;233;lvmh;0.014;0.012;0.012;163454;0.023432102814404443;43657260;7.363891434275612;27.440296852568736
233;233;233;Tick;234;lvmh;0.014;0.012;0.012;9600;0.023508962202382803;43666860;7.362153321868253;27.496178615521192
234;234;234;Tick;235;lvmh;0.014;0.012;0.012;100;0.023583836658351908;43666960;7.362135220848616;27.55027942028206
235;235;235;Tick;236;lvmh;0.014;0.012;0.012;100;0.02365678085869824;43667060;7.362117119917987;27.38707854629837
236;236;236;Tick;237;lvmh;0.013;0.012;0.013;99600;0.023727847489478468;43766660;7.374952852738673;27.227519167448374
237;237;237;Tick;238;lvmh;0.013;0.012;0.012;30000;0.023715590557695416;43796660;7.369528841777365;27.11604832712488
238;238;238;Tick;239;lvmh;0.013;0.012;0.012;100;0.023784063258221685;43796760;7.369510775082332;26.96235578344016
239;239;239;Tick;240;lvmh;0.013;0.012;0.012;20000;0.02385078374764123;43816760;7.365899215710317;26.67327980071218
240;240;240;Tick;241;lvmh;0.013;0.012;0.012;100;0.023915798365025186;43816860;7.365881166807226;26.527392013910376
241;241;241;Tick;242;lvmh;0.013;0.012;0.012;50540;0.02397915184852929;43867400;7.366750137208497;26.247273017811285
242;242;242;Tick;243;lvmh;0.013;0.012;0.012;100;0.02404088740756813;43867500;7.366732106915262;25.971534114910384
243;243;243;Tick;244;lvmh;0.013;0.012;0.012;300;0.02410104679087636;43867800;7.366678016565109;25.83709802235909
244;244;244;Tick;245;lvmh;0.013;0.012;0.012;10334;0.024159670350742016;43878134;7.365692726090738;25.56963802382064
245;245;245;Tick;246;lvmh;0.013;0.012;0.012;300;0.02421679710367412;43878434;7.365638657002696;25.44189406668972
246;246;246;Tick;247;lvmh;0.013;0.012;0.012;100;0.02427246478774677;43878534;7.36562063414975;25.182299243496242
247;247;247;Tick;248;lvmh;0.013;0.012;0.012;400;0.02432670991683901;43878934;7.365548543619953;25.060863133104725
248;248;248;Tick;249;lvmh;0.013;0.012;0.012;200;0.024379567831978186;43879134;7.365512498884238;24.941857821673814
249;249;249;Tick;250;lvmh;0.013;0.012;0.012;100;0.02443107274997296;43879234;7.365494476648674;24.825210609844078
250;250;250;Tick;251;lvmh;0.013;0.012;0.012;100;0.024481257809511017;43879334;7.365476454501305;24.580051421601013
251;251;251;Tick;252;lvmh;0.013;0.011;0.011;493761;0.024530155114881755;44373095;7.287307894885985;24.46904351099405
252;252;252;Tick;253;lvmh;0.012;0.011;0.012;100;0.0246874703966756;44373195;7.287290275340729;24.02264528059763
253;253;253;Tick;254;lvmh;0.012;0.011;0.012;118000;0.024732896471907247;44491195;7.293494810247664;23.790095826708136
254;254;254;Tick;255;lvmh;0.012;0.011;0.012;100;0.02477714307501744;44491295;7.293477221539147;23.560779904533234
255;255;255;Tick;256;lvmh;0.012;0.011;0.012;400;0.0248202380730355;44491695;7.293406867553397;23.33462749626318
256;256;256;Tick;257;lvmh;0.012;0.011;0.011;100;0.02486220850537425;44491795;7.293389279269036;23.11157068677663
257;257;257;Tick;258;lvmh;0.012;0.011;0.012;100;0.025007391903304248;44491895;7.2933716910695034;22.69735691915346
258;258;258;Tick;259;lvmh;0.012;0.011;0.012;98200;0.02504629682983586;44590095;7.38165809112327;22.482488238758023
259;259;259;Tick;260;lvmh;0.012;0.011;0.012;1900;0.02508416886843529;44591995;7.381320353561803;22.216380969642056
260;260;260;Tick;261;lvmh;0.012;0.011;0.012;100100;0.025121031648127658;44692095;7.363570516746262;22.00745864328279
261;261;261;Tick;262;lvmh;0.012;0.011;0.012;100;0.02515690812729577;44692195;7.363552827324381;21.801280498209064
262;262;262;Tick;263;lvmh;0.012;0.011;0.011;538000;0.025191820617734124;45230195;7.26959826439819;21.54414674244053
263;263;263;Tick;264;lvmh;0.012;0.011;0.012;100;0.025324421585134003;45230295;7.269581023591778;21.16435923869927
264;264;264;Tick;265;lvmh;0.012;0.011;0.011;100000;0.025356669926455036;45330295;7.393780294035292;20.96829246766247
265;265;265;Tick;266;lvmh;0.012;0.011;0.011;100;0.02548455961421944;45330395;7.393762777181823;20.801870768317396
266;266;266;Tick;267;lvmh;0.012;0.011;0.011;149800;0.02560954567385413;45480195;7.367615388942831;20.44167564623215
267;267;267;Tick;268;lvmh;0.012;0.011;0.012;100;0.025731710403279137;45480295;7.367597995846166;20.088939718638724
268;268;268;Tick;269;lvmh;0.012;0.011;0.011;101191;0.02575831199252235;45581486;7.353050935242337;19.857301788747115
269;269;269;Tick;270;lvmh;0.012;0.011;0.012;100;0.02587624356693248;45581586;7.353033617452556;19.516258444678282
270;270;270;Tick;271;lvmh;0.012;0.011;0.011;11800;0.025900603278149862;45593386;7.350990690824489;19.291420415128954
271;271;271;Tick;272;lvmh;0.012;0.011;0.011;37200;0.02601449328493528;45630586;7.344557701993081;18.961526982479395
272;272;272;Tick;273;lvmh;0.012;0.011;0.011;85873;0.02612587452566607;45716459;7.434477693927849;18.638170816054032
273;273;273;Tick;274;lvmh;0.012;0.011;0.011;100;0.026234813893568302;45716559;7.434460222816384;18.5175107416418
274;274;274;Tick;275;lvmh;0.012;0.011;0.011;41425;0.026341375787791086;45757984;7.430823979776008;18.20598724622518
275;275;275;Tick;276;lvmh;0.012;0.011;0.012;100;0.02644562223948814;45758084;7.430806533691216;17.900423040062766
276;276;276;Tick;277;lvmh;0.012;0.011;0.011;300;0.02646267164851912;45758384;7.430754195928357;17.744593491435584
277;277;277;Tick;278;lvmh;0.012;0.011;0.011;200;0.026563458519550075;45758584;7.430719304496042;17.640519823339346
278;278;278;Tick;279;lvmh;0.012;0.011;0.012;100;0.026662081348326767;45758684;7.43070185890276;17.539090657238837
279;279;279;Tick;280;lvmh;0.012;0.011;0.011;100;0.026676195404389882;45758784;7.430684413391393;17.390717665609184
280;280;280;Tick;281;lvmh;0.012;0.011;0.012;100;0.02677159081483176;45758884;7.430666967961943;17.29455336725278
281;281;281;Tick;282;lvmh;0.012;0.011;0.011;100;0.026784056142542603;45758984;7.430649522614408;17.150487981151517
282;282;282;Tick;283;lvmh;0.012;0.011;0.012;100;0.026876356855710447;45759084;7.430632077348786;17.059291177613513
283;283;283;Tick;284;lvmh;0.012;0.011;0.011;147549;0.026887251466199767;45906633;7.415528314327393;16.87834099625409
284;284;284;Tick;285;lvmh;0.012;0.011;0.012;100;0.026976582946552988;45906733;7.415510962999801;16.79289748894218
285;285;285;Tick;286;lvmh;0.012;0.011;0.012;100;0.02698598049115396;45906833;7.4154936117534085;16.617109083171513
286;286;286;Tick;287;lvmh;0.012;0.011;0.012;100;0.026994912664758508;45906933;7.415476260588215;16.44291698734142
287;287;287;Tick;288;lvmh;0.012;0.011;0.011;50000;0.02700338890046661;45956933;7.406810836200764;16.270298433303836
288;288;288;Tick;289;lvmh;0.012;0.011;0.012;100;0.02708796127706717;45957033;7.406793525644572;16.19699163759866
289;289;289;Tick;290;lvmh;0.012;0.011;0.011;101494;0.02709505956774454;46058527;7.393006878152162;16.068372096047202
290;290;290;Tick;291;lvmh;0.012;0.011;0.012;100;0.02717697460962329;46058627;7.392989640184754;15.818083774038104
291;291;291;Tick;292;lvmh;0.012;0.011;0.011;47341;0.027182758035192288;46105968;7.392814589761656;15.693075782534516
292;292;292;Tick;293;lvmh;0.012;0.011;0.012;100;0.02726211813582378;46106068;7.392797370010034;15.62933961705897
293;293;293;Tick;294;lvmh;0.012;0.011;0.012;100;0.02726664643750693;46106168;7.39278015033863;15.47047934752889
294;294;294;Tick;295;lvmh;0.012;0.011;0.012;100;0.027270796016732338;46106268;7.392762930747444;15.312994875340879
295;295;295;Tick;296;lvmh;0.012;0.011;0.012;100;0.027274574419731443;46106368;7.392745711236475;15.156867597151503
296;296;296;Tick;297;lvmh;0.012;0.011;0.012;100;0.027277989025869663;46106468;7.3927284918057214;15.00207925952968
297;297;297;Tick;298;lvmh;0.012;0.011;0.012;100;0.02728104705203831;46106568;7.392711272455185;14.848611950380207
298;298;298;Tick;299;lvmh;0.012;0.011;0.012;100;0.02728375555691008;46106668;7.392694053184863;14.696448090625978
299;299;299;Tick;300;lvmh;0.012;0.011;0.012;100;0.02728612144506115;46106768;7.3926768339947575;14.545570426143309
300;300;300;Tick;301;lvmh;0.012;0.011;0.012;100;0.027288151470965184;46106868;7.392659614884865;14.395962019944022
